Age,Total_Purchase,Account_Manager,Years,Num_Sites,Onboard_date_year,Onboard_date_month,Onboard_date_date,Location_Pincode,Onboard_date_hours,Onboard_date_minits,Onboard_date_second,Churn1
42.0,11066.8,0,7.22,8.0,2013,8,30,10265,7,0,40,1
41.0,11916.22,0,6.5,11.0,2013,8,13,6157,0,38,46,1
38.0,12884.75,0,6.67,12.0,2016,6,29,1331,6,20,7,1
42.0,8010.76,0,6.71,10.0,2014,4,22,13120,12,43,12,1
37.0,9191.58,0,5.56,9.0,2016,1,19,765,15,31,15,1
48.0,10356.02,0,5.12,8.0,2009,3,3,6187,23,13,37,1
44.0,11331.58,1,5.23,11.0,2016,12,5,4846,3,35,43,1
32.0,9885.12,1,6.92,9.0,2006,3,9,25271,14,50,20,1
43.0,14062.6,1,5.46,11.0,2011,9,29,3725,5,47,23,1
40.0,8066.94,1,7.11,11.0,2006,3,28,363,15,42,45,1
45.0,8988.67,1,4.84,11.0,2011,2,16,897,8,10,47,1
40.0,8283.32,1,5.1,13.0,2012,11,22,11488,5,35,3,1
41.0,6569.87,1,4.3,11.0,2015,3,28,1774,2,13,44,1
38.0,10494.82,1,6.81,12.0,2015,7,22,45408,8,38,40,1
45.0,8213.41,1,7.35,11.0,2006,9,3,28216,6,13,55,1
53.0,5515.09,0,6.85,8.0,2015,10,7,69203,0,27,10,1
46.0,8046.4,1,5.69,8.0,2014,11,6,9569,23,47,14,1
41.0,9771.22,0,5.81,11.0,2013,5,30,803,0,42,13,1
56.0,12217.95,1,5.79,11.0,2016,11,17,5775,14,37,1,1
35.0,9381.12,1,6.78,11.0,2006,3,27,1493,20,52,42,1
41.0,10474.94,0,6.4,12.0,2012,1,2,73006,5,8,52,1
55.0,11158.5,1,4.86,10.0,2007,1,7,85934,1,21,47,1
54.0,8207.1,0,4.26,11.0,2015,4,5,14609,15,57,24,1
35.0,12403.81,0,4.42,11.0,2007,7,31,20117,6,39,54,1
44.0,12721.55,0,5.18,11.0,2011,4,25,950,2,53,25,1
37.0,8284.89,1,5.6,10.0,2009,3,25,8807,6,10,1,1
45.0,10793.11,1,4.65,10.0,2016,12,28,754,4,7,38,1
46.0,9322.44,1,2.69,11.0,2010,11,16,2088,13,22,18,1
48.0,11740.0,1,4.97,11.0,2011,3,6,234,1,34,58,1
37.0,14383.36,0,7.84,10.0,2011,4,5,8268,0,21,51,1
48.0,10367.08,1,6.45,12.0,2008,10,6,8113,17,15,0,1
37.0,8198.06,1,5.04,12.0,2016,11,6,34727,1,13,12,1
41.0,7777.37,0,4.81,12.0,2014,1,20,75210,8,53,20,1
41.0,11699.26,0,6.99,12.0,2010,3,31,93345,14,45,1,1
55.0,16838.94,1,6.66,8.0,2007,10,5,52454,15,48,38,1
36.0,10484.33,1,8.84,10.0,2008,4,29,4102,9,7,51,1
37.0,8736.06,1,5.51,12.0,2014,12,23,5645,19,38,52,1
50.0,10850.78,1,5.63,9.0,2010,6,18,451,7,10,58,1
45.0,11170.06,1,7.76,10.0,2011,1,26,56990,19,5,24,1
40.0,11185.62,0,6.26,12.0,2006,3,6,6040,18,36,47,1
36.0,9793.42,0,5.98,9.0,2007,11,27,9072,12,24,48,1
43.0,12524.68,0,5.98,10.0,2010,5,27,312,4,46,5,1
50.0,12682.9,0,4.58,10.0,2006,9,11,82,7,7,17,1
44.0,14036.28,1,7.25,10.0,2009,1,30,42028,1,58,56,1
41.0,10179.92,1,5.97,10.0,2010,2,25,7023,0,17,52,1
46.0,12772.72,1,6.46,9.0,2010,7,3,6806,18,56,5,1
46.0,12122.19,0,7.53,11.0,2015,12,30,1264,18,49,35,1
40.0,9922.3,1,5.07,11.0,2006,9,22,97907,20,58,51,1
48.0,4771.65,0,3.77,12.0,2007,6,19,62,4,30,13,1
42.0,10827.96,1,4.2,10.0,2008,11,10,45946,19,35,5,1
38.0,8642.01,1,4.76,11.0,2014,8,13,7318,17,14,7,1
45.0,6749.49,0,5.88,14.0,2006,8,19,353,17,13,19,1
36.0,6447.99,1,5.52,11.0,2009,5,7,58379,22,19,35,1
55.0,5024.52,0,8.11,9.0,2010,2,10,2529,10,22,37,1
58.0,12376.37,0,6.01,12.0,2007,12,8,350,8,5,11,1
49.0,12458.8,0,5.04,9.0,2013,1,21,6431,13,44,9,1
47.0,7222.35,0,6.41,11.0,2015,6,27,274,10,57,19,1
55.0,8772.0,1,6.43,10.0,2006,3,1,65806,20,57,16,1
45.0,7351.38,0,5.76,11.0,2016,10,6,666,23,11,34,1
30.0,7960.64,1,2.72,10.0,2016,4,15,87953,12,8,15,1
41.0,13365.66,1,8.36,9.0,2008,7,26,455,3,0,31,1
32.0,8617.98,1,6.2,10.0,2008,5,14,570,16,7,30,1
52.0,11849.13,0,6.8,11.0,2012,8,18,9928,9,16,47,1
37.0,11145.95,1,5.87,11.0,2013,1,10,728,10,11,44,1
42.0,9577.42,0,5.86,11.0,2012,1,18,34489,0,52,28,1
39.0,10110.4,1,5.78,13.0,2009,3,10,8306,21,58,42,1
43.0,8024.08,0,4.08,12.0,2016,2,20,44850,7,0,9,1
52.0,8563.24,0,5.29,11.0,2010,3,24,1733,16,20,7,1
40.0,9403.58,1,6.01,9.0,2014,7,31,7225,1,7,38,1
38.0,12520.53,1,6.3,11.0,2008,10,19,2779,9,18,12,1
53.0,13655.59,1,2.05,10.0,2013,12,24,342,14,28,20,1
41.0,12680.46,0,5.92,11.0,2010,3,29,44906,17,41,53,1
45.0,8429.65,1,7.1,10.0,2006,8,26,99,16,40,13,1
44.0,11424.0,1,5.98,10.0,2011,11,16,9525,6,51,37,1
46.0,13725.55,0,5.09,9.0,2006,3,4,43798,0,11,53,1
47.0,7396.1,0,4.11,11.0,2014,3,10,753,6,51,20,1
51.0,8100.43,1,4.92,13.0,2006,1,14,74631,1,47,7,1
43.0,10400.88,0,5.84,10.0,2013,3,28,8044,20,4,50,1
40.0,8625.96,1,6.27,13.0,2008,8,7,80203,1,50,30,1
45.0,12455.38,0,3.26,11.0,2015,2,24,36,14,54,33,1
38.0,9624.18,0,5.53,12.0,2008,12,22,421,6,9,17,1
37.0,11628.1,1,6.83,10.0,2010,2,20,1877,16,8,12,1
41.0,13190.3,1,7.38,10.0,2012,9,12,22194,14,15,3,1
49.0,13173.8,1,6.36,12.0,2007,10,9,3067,18,7,48,1
29.0,8688.17,1,5.7,9.0,2015,2,5,237,11,35,45,1
40.0,11434.61,1,8.51,10.0,2009,11,17,3422,23,38,40,1
45.0,12309.39,1,4.57,11.0,2008,2,7,3559,15,42,36,1
30.0,10744.14,1,7.16,9.0,2008,9,13,488,11,53,42,1
43.0,12104.25,0,5.86,7.0,2009,9,27,5279,4,12,53,1
45.0,11599.27,1,4.78,11.0,2006,11,22,31574,21,46,31,1
51.0,10978.16,1,6.95,11.0,2013,8,10,5843,2,49,37,1
44.0,13743.27,0,7.8,11.0,2011,6,11,55353,0,48,58,1
43.0,10271.19,1,5.31,14.0,2011,7,19,98472,10,28,53,1
50.0,10199.44,0,5.79,9.0,2012,10,9,6431,17,29,23,1
38.0,11386.56,0,8.82,9.0,2011,11,20,63080,17,11,17,1
49.0,12112.53,0,7.31,9.0,2012,3,3,73511,18,57,24,1
34.0,9228.84,1,5.29,12.0,2006,11,25,235,12,38,21,1
36.0,6330.43,1,5.43,7.0,2010,8,24,675,0,52,55,1
40.0,11611.51,1,5.64,14.0,2010,6,19,564,16,2,16,1
37.0,8397.41,0,5.59,12.0,2008,6,7,150,21,35,55,1
49.0,9714.47,0,5.7,9.0,2014,11,4,205,4,5,34,1
51.0,11602.11,1,5.3,10.0,2012,4,6,668,10,12,15,1
35.0,12871.79,0,4.64,12.0,2006,3,25,659,1,4,53,1
41.0,9923.79,1,4.75,13.0,2011,8,28,16914,3,41,36,1
26.0,8787.39,1,5.42,11.0,2014,12,18,233,19,58,36,1
46.0,12200.31,0,6.62,10.0,2010,10,20,730,0,12,32,1
38.0,8825.87,1,8.97,10.0,2008,1,6,200,9,57,34,1
44.0,8615.52,0,7.39,9.0,2006,10,19,77755,23,2,34,1
35.0,9766.95,1,4.59,13.0,2008,2,29,1317,14,17,57,1
36.0,11550.29,0,6.46,13.0,2014,1,13,437,5,18,56,1
45.0,9459.52,0,5.72,9.0,2015,7,30,18,2,34,43,1
46.0,11222.48,0,4.92,9.0,2011,2,18,97426,18,11,37,1
38.0,14693.45,1,7.01,10.0,2011,11,2,961,16,47,54,1
49.0,15005.43,1,5.27,12.0,2012,7,27,22013,0,30,18,1
42.0,10276.33,1,6.54,11.0,2007,7,1,1136,5,53,17,1
47.0,8235.74,1,6.2,10.0,2007,10,23,582,5,18,2,1
48.0,6495.01,1,5.57,12.0,2013,2,6,2889,5,15,6,1
45.0,8099.29,1,5.66,10.0,2008,6,10,6596,14,7,44,1
50.0,11775.75,1,4.83,10.0,2011,2,6,33071,15,2,27,1
39.0,8667.02,0,6.82,10.0,2009,10,23,8006,10,27,41,1
50.0,14398.89,1,5.54,12.0,2007,11,13,4182,17,10,55,1
38.0,10863.05,1,5.59,11.0,2008,4,28,63,1,11,37,1
38.0,7287.57,1,7.39,11.0,2007,4,22,83221,6,22,27,1
39.0,6351.79,0,5.86,6.0,2012,3,24,335,16,13,42,1
31.0,11297.57,1,6.23,10.0,2015,3,17,7259,22,32,58,1
52.0,7460.05,0,5.39,12.0,2013,10,17,61756,21,48,30,1
41.0,14429.41,1,5.51,11.0,2007,9,29,78018,0,43,3,1
34.0,12983.26,1,6.53,13.0,2007,10,14,447,20,54,33,1
39.0,8801.86,1,4.43,10.0,2007,3,18,30668,11,14,44,1
58.0,9703.93,0,5.16,11.0,2010,3,2,976,16,11,39,1
49.0,11177.08,0,4.44,12.0,2008,1,7,713,5,11,46,1
41.0,8560.76,1,3.99,12.0,2015,5,9,83457,18,48,3,1
35.0,15571.26,0,6.45,9.0,2011,12,2,5728,20,13,49,0
39.0,10268.87,1,3.68,6.0,2009,8,19,3324,18,52,21,0
44.0,12328.03,1,4.6,9.0,2006,8,29,9436,2,24,37,0
52.0,9782.83,0,3.96,7.0,2012,4,17,3479,10,47,29,0
29.0,9378.24,0,4.93,8.0,2015,8,6,8199,22,29,28,0
37.0,10314.67,1,5.86,8.0,2016,6,22,858,19,20,4,0
30.0,8403.78,1,4.13,7.0,2006,6,28,32,9,26,57,0
46.0,5570.45,0,2.23,7.0,2012,5,1,693,6,20,54,0
43.0,8042.76,0,4.95,8.0,2006,4,29,103,20,25,59,0
44.0,10309.15,1,6.35,9.0,2006,1,10,725,18,4,20,0
35.0,12357.31,0,5.03,10.0,2014,8,6,7098,19,11,10,0
47.0,11306.1,0,6.01,7.0,2006,7,2,911,23,47,33,0
32.0,13630.93,0,4.38,10.0,2014,1,3,273,0,55,23,0
36.0,12284.58,1,5.7,9.0,2015,12,7,19131,10,18,24,0
39.0,8930.49,1,5.71,10.0,2014,12,10,3444,9,22,9,0
45.0,10364.82,0,5.93,5.0,2016,8,22,53891,5,47,48,0
48.0,10963.5,1,5.89,9.0,2008,3,7,3987,10,48,28,0
32.0,12547.91,0,7.78,10.0,2011,12,22,1599,17,51,38,0
44.0,9723.71,0,4.34,9.0,2012,6,30,499,10,1,56,0
43.0,6298.75,1,4.51,9.0,2015,3,26,2758,0,41,27,0
43.0,11674.12,0,2.88,8.0,2012,10,24,816,2,46,36,0
56.0,12502.81,0,5.47,8.0,2007,8,9,143,17,54,53,0
29.0,9617.59,0,5.49,8.0,2013,2,19,9278,3,23,16,0
49.0,9805.7,0,4.86,9.0,2011,4,29,7774,16,53,13,0
31.0,11743.24,0,5.3,6.0,2010,6,6,2190,5,12,39,0
40.0,5218.49,0,3.8,10.0,2006,11,16,12915,4,13,27,0
44.0,10526.18,0,7.67,9.0,2009,9,21,8820,12,50,42,0
43.0,8583.5,1,4.39,10.0,2014,8,23,115,3,44,26,0
39.0,11008.0,0,4.42,8.0,2007,12,22,454,13,7,46,0
42.0,9625.89,1,5.84,9.0,2014,2,3,54740,0,37,5,0
46.0,11119.11,1,3.51,14.0,2008,12,8,10454,9,23,2,0
46.0,9982.55,1,4.75,7.0,2009,5,5,7865,4,56,19,0
39.0,11159.46,0,3.95,11.0,2010,8,23,1526,13,43,19,0
36.0,12668.26,0,4.54,12.0,2007,6,27,945,2,9,55,0
38.0,9087.9,0,2.7,10.0,2015,2,10,310,10,17,54,0
41.0,9091.21,0,4.55,11.0,2007,10,20,30353,8,11,50,0
44.0,8755.02,1,5.71,8.0,2010,6,15,43677,2,58,42,0
37.0,6362.93,1,6.8,7.0,2007,8,2,599,2,34,57,0
48.0,13189.35,0,3.25,7.0,2006,1,18,7,3,29,38,0
47.0,10584.71,0,6.05,8.0,2006,4,14,63139,4,20,32,0
49.0,9853.64,1,6.95,6.0,2012,1,1,275,21,48,50,0
42.0,11473.38,1,2.87,10.0,2015,3,19,308,22,32,48,0
39.0,8986.28,0,4.36,8.0,2007,12,12,6987,11,10,13,0
33.0,13314.19,0,5.45,9.0,2007,1,10,323,1,47,23,0
45.0,12783.21,1,4.47,10.0,2015,12,2,3538,8,14,8,0
46.0,7026.18,0,6.3,8.0,2012,1,31,1546,23,8,54,0
48.0,9706.88,0,6.45,8.0,2006,8,24,434,18,32,46,0
42.0,10236.95,1,5.71,8.0,2013,12,11,479,11,20,57,0
33.0,13157.08,1,5.04,10.0,2006,8,14,44577,9,24,11,0
44.0,8588.46,1,7.77,8.0,2012,5,7,115,9,58,33,0
42.0,10268.0,0,5.33,6.0,2007,9,14,64425,4,40,41,0
34.0,9845.35,0,4.82,7.0,2008,12,4,960,20,34,33,0
37.0,11912.13,0,5.67,10.0,2011,2,19,575,18,4,28,0
35.0,10801.37,1,5.64,11.0,2014,12,4,1159,7,9,16,0
53.0,13173.82,0,5.26,7.0,2007,10,15,543,3,45,59,0
49.0,9940.76,0,5.72,11.0,2006,8,28,483,11,16,1,0
46.0,12261.79,1,3.72,10.0,2010,2,17,52750,15,2,40,0
51.0,4523.91,0,3.98,8.0,2013,3,6,53000,1,2,20,0
41.0,6172.23,0,4.28,8.0,2013,11,11,1045,4,6,44,0
49.0,6283.67,0,6.35,11.0,2007,1,7,91062,4,15,59,0
48.0,7232.06,1,4.9,6.0,2009,11,21,67507,12,47,28,0
35.0,6683.82,1,7.82,7.0,2015,5,6,1779,23,55,35,0
39.0,9408.96,1,3.83,4.0,2011,9,30,8072,6,15,1,0
47.0,8291.93,0,4.47,7.0,2012,4,28,62726,20,15,34,0
41.0,10017.82,0,6.0,8.0,2012,9,10,28501,22,22,18,0
38.0,7320.49,0,1.58,10.0,2008,1,16,4920,23,56,7,0
43.0,8817.29,0,3.19,8.0,2010,5,28,2445,12,49,8,0
36.0,8948.86,0,7.37,10.0,2010,12,5,36802,10,46,23,0
45.0,3689.95,1,5.01,11.0,2014,10,9,3798,10,5,6,0
52.0,8185.22,1,5.76,8.0,2016,10,12,842,21,52,56,0
43.0,9347.89,1,4.17,8.0,2009,1,19,751,11,50,29,0
42.0,12888.85,1,4.79,8.0,2010,3,30,1614,4,37,57,0
41.0,5387.41,1,4.17,8.0,2013,3,26,25024,16,2,49,0
38.0,7605.49,0,6.99,10.0,2014,3,13,297,19,27,4,0
45.0,8480.93,0,4.57,9.0,2009,6,26,602,10,22,40,0
29.0,11274.46,1,4.43,8.0,2014,3,31,742,7,43,29,0
32.0,7896.65,0,7.12,8.0,2015,10,17,48465,17,47,44,0
42.0,10500.77,0,5.68,6.0,2013,6,22,93971,6,20,23,0
38.0,7673.0,1,7.42,7.0,2006,2,25,432,19,40,22,0
42.0,14242.7,0,5.79,10.0,2009,6,9,49625,7,44,13,0
40.0,6590.63,1,4.52,7.0,2012,3,12,3012,14,56,55,0
37.0,15070.32,0,6.91,6.0,2016,1,2,81,16,43,22,0
37.0,13717.41,1,6.5,7.0,2014,3,31,2978,8,16,48,0
41.0,9219.95,1,5.21,10.0,2015,9,21,7805,16,18,10,0
65.0,10430.5,0,6.5,6.0,2013,3,10,3462,14,36,47,0
45.0,5200.06,1,6.33,8.0,2014,5,5,3930,13,36,19,0
43.0,11197.42,1,3.48,9.0,2009,4,30,329,13,55,51,0
45.0,13650.64,0,4.96,8.0,2010,4,5,1721,2,15,49,0
42.0,7351.72,0,5.26,9.0,2015,9,26,792,1,5,29,0
33.0,10306.21,1,6.36,9.0,2011,12,20,73,17,1,0,0
37.0,10147.22,0,6.63,8.0,2014,7,2,278,6,46,25,0
48.0,10528.71,0,5.0,9.0,2007,9,17,1630,5,36,30,0
45.0,8595.24,0,6.4,10.0,2012,11,8,151,6,43,24,0
45.0,6681.61,1,5.6,8.0,2010,6,16,1723,21,5,45,0
29.0,10203.18,1,5.82,8.0,2014,1,3,3043,23,18,9,0
42.0,10427.12,0,6.64,10.0,2011,6,4,49936,23,57,31,0
42.0,11756.06,0,4.88,8.0,2014,7,31,3880,14,15,33,0
40.0,12295.95,1,5.69,11.0,2010,1,8,8983,23,22,21,0
40.0,7819.46,1,4.77,9.0,2014,7,3,2794,11,47,51,0
37.0,10989.43,0,6.62,10.0,2013,7,14,56493,15,25,42,0
46.0,7504.79,0,5.98,8.0,2007,5,13,38346,20,42,11,0
46.0,9306.05,0,5.35,7.0,2016,1,1,149,18,31,30,0
37.0,11523.63,1,3.56,7.0,2014,10,29,20,11,21,21,0
48.0,13298.38,0,2.99,8.0,2015,12,6,86354,16,55,18,0
37.0,8614.75,0,5.03,9.0,2011,7,7,79676,15,43,46,0
45.0,9951.97,1,4.4,6.0,2015,4,1,17,19,58,1,0
46.0,11343.33,1,3.69,8.0,2012,9,20,2374,5,52,41,0
38.0,10026.44,1,6.85,9.0,2014,1,12,510,2,4,27,0
38.0,8473.65,1,4.78,7.0,2010,11,29,9195,19,37,15,0
38.0,12893.47,1,5.69,5.0,2012,11,20,3145,5,53,31,0
34.0,7324.32,0,6.69,10.0,2014,12,16,755,2,23,49,0
40.0,8530.23,1,3.66,10.0,2012,3,2,2896,18,33,21,0
46.0,10675.86,0,3.33,7.0,2014,12,6,943,22,7,7,0
43.0,10300.24,0,6.44,8.0,2008,6,15,244,13,51,40,0
41.0,10921.54,0,5.07,3.0,2015,9,4,310,11,32,49,0
42.0,10527.52,1,8.42,8.0,2008,2,3,7873,2,7,40,0
44.0,8338.05,0,6.57,11.0,2008,2,15,919,18,36,24,0
36.0,9593.71,0,3.98,6.0,2009,3,21,85112,0,5,24,0
46.0,11537.69,1,6.37,7.0,2011,1,24,910,7,40,18,0
35.0,12936.64,1,3.73,6.0,2010,7,31,617,2,11,17,0
40.0,8815.24,0,5.63,9.0,2012,11,15,108,4,23,7,0
42.0,12300.94,1,6.89,10.0,2007,6,19,892,9,53,56,0
35.0,11830.36,1,4.41,6.0,2006,10,1,227,16,57,42,0
36.0,14715.53,1,5.73,9.0,2014,1,31,983,0,5,0,0
44.0,9214.98,1,6.44,7.0,2016,3,4,443,14,24,53,0
49.0,8092.13,0,6.32,5.0,2011,10,22,25,19,12,36,0
41.0,12008.34,1,4.94,7.0,2009,12,24,404,12,36,10,0
38.0,11803.58,1,6.97,6.0,2015,12,15,521,11,48,35,0
37.0,13498.28,1,7.06,9.0,2007,11,23,8308,13,38,4,0
46.0,9601.95,0,5.9,9.0,2011,8,10,3270,4,56,18,0
54.0,13184.51,0,6.04,8.0,2013,3,20,507,17,57,42,0
36.0,4690.57,1,5.41,8.0,2012,1,25,209,0,45,38,0
37.0,11416.56,0,6.06,6.0,2006,4,3,166,4,29,8,0
56.0,9940.54,1,6.57,7.0,2014,3,4,2739,7,0,57,0
35.0,13680.25,1,5.79,9.0,2011,10,7,3785,15,43,59,0
29.0,5900.78,1,5.56,8.0,2007,9,19,663,6,55,51,0
36.0,10339.05,1,6.88,7.0,2010,8,2,10676,9,34,35,0
46.0,11538.57,1,7.93,10.0,2015,4,3,95222,16,15,0,0
43.0,7178.92,1,5.32,8.0,2007,12,15,63837,0,13,30,0
42.0,10583.76,0,6.51,9.0,2006,8,18,9609,5,47,20,0
41.0,7495.6,1,6.57,8.0,2009,11,29,13697,8,47,17,0
36.0,8878.96,1,4.66,9.0,2016,6,24,4563,8,32,37,0
37.0,11111.59,1,6.0,7.0,2013,11,1,9111,0,22,56,0
42.0,8519.64,0,3.99,8.0,2006,3,1,6815,7,20,0,0
41.0,9014.9,1,4.45,7.0,2010,11,19,9131,4,30,56,0
42.0,6081.5,0,3.73,8.0,2011,4,22,73765,16,14,18,0
43.0,10944.65,1,2.62,9.0,2010,6,24,820,21,15,32,0
40.0,11764.35,1,5.54,9.0,2006,9,16,835,5,57,2,0
44.0,12155.91,1,4.11,5.0,2009,7,30,697,18,11,19,0
41.0,11971.75,1,5.38,7.0,2011,2,13,1241,18,26,31,0
41.0,6204.86,1,6.08,8.0,2016,5,12,21267,17,50,46,0
39.0,4994.48,0,5.02,8.0,2016,7,29,347,12,56,50,0
36.0,11047.43,0,5.98,8.0,2006,4,11,399,5,0,15,0
40.0,12925.64,0,4.04,7.0,2013,3,16,6656,6,25,16,0
36.0,8233.25,1,4.35,7.0,2013,8,24,8541,22,54,43,0
39.0,9282.33,0,4.52,11.0,2009,4,8,8923,21,56,15,0
46.0,13383.25,1,5.27,9.0,2010,4,6,5098,23,18,17,0
40.0,8911.91,0,6.99,10.0,2014,11,20,67368,15,27,54,0
41.0,8783.13,1,6.2,7.0,2009,10,8,29,16,0,31,0
35.0,12654.35,0,1.66,7.0,2011,11,1,88854,14,43,46,0
40.0,6773.23,1,4.29,11.0,2006,10,17,323,12,23,47,0
31.0,9574.89,0,7.34,8.0,2009,1,27,8392,11,2,57,0
45.0,9722.92,1,3.35,8.0,2006,1,7,87,19,4,44,0
41.0,9516.87,0,4.94,7.0,2008,6,15,55004,3,31,7,0
38.0,6638.87,1,5.61,8.0,2014,7,20,41822,9,42,45,0
30.0,10960.52,1,5.96,9.0,2007,3,4,781,2,41,15,0
52.0,11093.87,0,4.38,5.0,2016,9,30,6685,14,28,53,0
51.0,10323.07,1,7.03,9.0,2014,1,14,107,10,48,37,0
43.0,15858.91,1,4.51,8.0,2008,8,11,82216,2,19,38,0
40.0,11309.18,0,4.91,7.0,2008,8,7,170,15,34,43,0
32.0,12142.99,0,5.01,7.0,2013,7,4,75224,23,28,4,0
44.0,10965.95,1,4.11,8.0,2012,7,3,95266,18,49,25,0
51.0,10877.81,1,8.35,8.0,2006,5,10,78,4,40,16,0
38.0,7491.55,0,5.66,12.0,2015,7,28,31037,21,21,12,0
47.0,9324.49,1,4.91,6.0,2007,11,28,66256,21,26,52,0
45.0,9034.21,0,6.89,9.0,2011,6,20,8195,1,7,56,0
41.0,9191.02,1,5.89,9.0,2013,6,10,3142,16,50,14,0
41.0,10617.16,0,6.26,8.0,2006,4,28,927,11,11,54,0
49.0,11321.2,0,4.89,10.0,2006,3,7,1780,0,11,21,0
52.0,5647.92,0,5.08,8.0,2009,3,16,89503,0,10,13,0
30.0,8677.28,1,7.31,7.0,2006,10,13,766,13,8,25,0
43.0,15423.03,1,2.41,7.0,2007,5,26,4331,3,19,15,0
38.0,8097.01,0,4.32,7.0,2011,12,15,65431,7,22,56,0
47.0,9148.74,1,6.38,8.0,2012,3,26,8471,6,23,51,0
45.0,12374.97,0,4.66,7.0,2011,12,24,79904,17,0,1,0
36.0,8646.72,0,6.33,8.0,2007,4,23,65795,20,3,58,0
53.0,10338.09,1,5.07,7.0,2007,4,7,94016,9,21,14,0
38.0,13019.89,1,6.65,8.0,2011,1,24,73,12,28,51,0
41.0,13743.42,0,3.92,9.0,2009,11,1,596,10,37,2,0
39.0,8646.2,0,2.94,9.0,2010,7,21,636,16,56,35,0
42.0,6523.74,0,2.71,8.0,2013,6,6,7280,3,51,1,0
56.0,8626.48,1,5.07,7.0,2011,6,13,62761,5,25,22,0
41.0,5191.08,0,6.29,7.0,2016,12,7,26,2,57,32,0
38.0,7097.52,1,4.68,6.0,2009,8,11,91449,9,43,19,0
41.0,13277.82,0,4.84,9.0,2009,2,21,43775,5,30,35,0
53.0,3263.0,1,2.77,9.0,2013,11,11,3483,22,49,58,0
52.0,14669.61,0,6.28,9.0,2012,8,30,38975,14,53,7,0
47.0,13359.2,1,4.55,8.0,2016,7,29,7,8,39,49,0
43.0,12078.39,1,6.06,6.0,2014,10,31,79062,16,0,4,0
48.0,8513.75,1,8.24,10.0,2009,11,19,81006,11,1,38,0
38.0,9557.2,0,4.47,8.0,2007,1,10,90866,7,29,46,0
44.0,6517.22,0,4.55,12.0,2010,4,23,3480,0,50,1,0
40.0,4762.81,1,5.12,10.0,2008,3,10,53545,1,30,38,0
31.0,8688.21,0,3.58,7.0,2007,9,6,496,18,15,23,0
32.0,12254.75,1,5.32,9.0,2014,5,26,275,11,13,57,0
39.0,5914.3,1,2.3,9.0,2008,3,30,882,6,50,39,0
45.0,11486.53,1,5.5,7.0,2009,12,8,71,0,18,10,0
51.0,6114.85,1,4.7,9.0,2013,11,10,435,1,54,40,0
43.0,12691.45,0,4.45,11.0,2014,9,19,9089,8,46,46,0
45.0,9903.78,1,5.31,9.0,2009,5,19,9273,7,17,0,0
35.0,8475.8,0,3.37,11.0,2013,9,10,2311,12,56,26,0
39.0,13091.92,1,4.74,9.0,2014,1,13,82367,13,54,31,0
37.0,13036.52,1,3.83,6.0,2009,2,26,762,12,56,1,0
40.0,9521.35,0,5.8,9.0,2009,1,12,7645,14,37,14,0
37.0,5039.46,0,4.08,8.0,2007,9,12,2,16,27,24,0
51.0,13762.79,0,7.52,9.0,2006,9,11,9103,4,55,9,0
46.0,8941.92,1,5.43,9.0,2010,1,15,17836,17,22,51,0
32.0,12479.72,0,4.67,8.0,2015,3,20,405,2,9,45,0
41.0,9139.73,1,5.15,10.0,2011,8,21,5077,1,38,14,0
46.0,10406.58,0,7.24,11.0,2015,10,24,91864,15,49,39,0
44.0,11768.65,0,5.54,7.0,2006,3,6,59672,0,42,56,0
46.0,14664.0,0,6.54,8.0,2012,9,30,36569,2,34,16,0
46.0,8418.81,1,7.19,6.0,2014,9,29,8928,0,31,41,0
34.0,6461.86,1,4.61,8.0,2008,10,15,88563,13,31,12,0
39.0,14317.2,0,5.03,7.0,2014,12,2,38769,15,56,37,0
42.0,4492.44,1,6.43,9.0,2013,1,16,17140,16,29,49,0
29.0,13240.01,1,4.58,6.0,2012,8,9,541,16,7,8,0
35.0,7814.68,1,5.99,9.0,2013,8,27,7967,0,56,45,0
35.0,11255.38,0,6.28,4.0,2007,4,4,104,8,32,31,0
49.0,13165.68,0,5.49,9.0,2010,2,10,29322,17,43,27,0
54.0,8375.73,1,4.42,7.0,2007,10,24,5079,3,45,18,0
41.0,11968.78,0,5.08,6.0,2010,11,21,52601,12,52,1,0
32.0,6367.22,1,2.84,10.0,2015,1,3,80428,18,57,56,0
44.0,7599.36,1,6.41,6.0,2008,1,10,47051,11,48,3,0
40.0,7642.2,0,5.04,9.0,2007,11,11,90098,17,5,6,0
38.0,11621.67,1,6.11,9.0,2013,7,6,18,19,20,40,0
47.0,9365.92,1,4.37,5.0,2013,6,10,4972,21,51,47,0
29.0,12711.15,0,5.74,7.0,2011,8,10,33852,21,19,55,0
55.0,8243.28,0,3.54,6.0,2014,1,9,325,19,52,37,0
51.0,10269.97,1,4.85,8.0,2007,8,9,43807,12,55,22,0
38.0,13366.66,1,5.64,7.0,2008,6,10,675,21,6,16,0
43.0,8950.33,0,6.76,9.0,2008,6,25,91968,0,45,14,0
41.0,10806.13,1,4.0,6.0,2010,1,27,964,13,34,33,0
40.0,12455.75,1,6.64,9.0,2010,1,3,356,6,33,40,0
33.0,7492.9,0,6.71,7.0,2009,10,13,243,17,35,31,0
43.0,12068.39,1,3.59,7.0,2008,3,28,60669,21,32,43,0
40.0,7837.67,1,5.66,11.0,2009,5,18,979,15,10,36,0
45.0,9721.59,0,3.43,9.0,2006,7,24,5605,16,11,1,0
41.0,10028.23,1,5.52,9.0,2007,11,25,56171,17,41,30,0
34.0,10466.56,0,5.34,7.0,2016,11,7,3314,8,1,15,0
36.0,12879.7,0,4.7,9.0,2013,7,8,41199,19,24,53,0
49.0,13078.28,1,4.06,8.0,2008,2,22,59446,10,20,36,0
49.0,11584.59,1,4.84,6.0,2010,5,28,80,21,29,1,0
45.0,9874.69,1,2.41,9.0,2006,9,4,63593,7,20,52,0
34.0,12397.49,0,4.93,9.0,2016,1,24,91641,10,4,25,0
40.0,10780.71,1,5.33,9.0,2016,3,12,913,23,44,45,0
40.0,8801.13,0,7.52,6.0,2016,5,26,81459,20,27,2,0
45.0,7325.93,1,6.0,6.0,2009,5,16,918,11,3,26,0
36.0,7342.14,0,5.51,8.0,2015,10,8,115,18,55,5,0
37.0,12154.25,1,5.15,6.0,2015,6,17,9534,23,25,47,0
32.0,9472.72,1,1.0,10.0,2009,3,26,78,5,25,30,0
50.0,6857.29,0,4.69,6.0,2014,7,8,90,19,50,15,0
52.0,10133.36,0,4.6,7.0,2014,2,24,77435,17,27,19,0
51.0,4992.6,0,3.85,8.0,2016,2,12,701,22,38,3,0
50.0,12941.12,1,5.51,11.0,2015,6,23,45548,9,54,27,0
36.0,11040.16,0,4.52,8.0,2010,4,14,86871,22,3,19,0
35.0,8058.73,0,6.88,9.0,2016,2,29,40094,18,23,40,0
44.0,10638.65,0,5.54,6.0,2010,6,4,2556,3,4,12,0
49.0,10226.43,0,6.02,8.0,2014,2,27,6467,10,46,12,0
38.0,12020.62,0,4.41,8.0,2007,2,14,4962,0,56,53,0
51.0,12780.22,0,6.06,7.0,2015,4,4,7790,11,6,11,0
51.0,6662.59,1,5.27,9.0,2009,10,3,2458,9,42,47,0
38.0,10298.29,1,5.07,9.0,2015,5,31,4792,21,15,18,0
52.0,9065.28,0,3.99,5.0,2009,12,13,6720,18,17,2,0
44.0,8817.22,1,6.53,10.0,2009,9,23,4041,9,35,38,0
35.0,11391.46,1,7.59,10.0,2011,12,28,4379,11,2,25,0
43.0,12531.39,0,3.97,6.0,2013,4,28,5351,5,2,18,0
43.0,9200.69,1,2.6,11.0,2012,12,25,1690,6,18,0,0
52.0,13368.21,1,4.09,9.0,2006,12,23,16214,18,35,26,0
47.0,15878.11,1,2.05,8.0,2012,5,21,37362,12,56,15,0
33.0,7720.61,1,4.97,10.0,2012,4,16,90937,7,5,14,0
34.0,9270.9,0,6.19,7.0,2007,4,29,4146,18,47,2,0
44.0,8274.32,0,5.7,8.0,2016,7,21,202,2,39,27,0
38.0,9347.47,0,8.47,8.0,2006,1,23,8151,16,23,17,0
40.0,12453.72,1,4.83,9.0,2006,10,3,4030,9,45,0,0
39.0,8644.07,1,4.48,8.0,2016,5,14,451,14,37,8,0
45.0,11575.84,0,5.51,9.0,2012,8,2,75262,9,18,11,0
49.0,8268.74,1,5.21,8.0,2009,1,19,64,4,53,55,0
54.0,12147.83,1,4.17,8.0,2013,5,14,1537,16,58,55,0
48.0,8093.03,1,4.26,8.0,2016,10,12,1317,23,20,12,0
28.0,9090.43,1,5.74,10.0,2014,6,18,118,0,45,51,0
41.0,9552.57,0,3.81,8.0,2015,2,5,854,6,36,19,0
47.0,9004.44,0,3.79,8.0,2015,3,8,506,8,3,14,0
46.0,14361.38,0,4.52,8.0,2008,7,20,283,8,40,26,0
36.0,8972.54,0,5.23,8.0,2009,6,16,59,4,20,31,0
44.0,11611.28,0,5.8,11.0,2007,12,1,5035,21,35,58,0
43.0,9399.92,1,4.98,8.0,2014,8,7,132,7,57,26,0
37.0,7982.38,1,4.29,8.0,2009,1,15,349,17,39,15,0
36.0,6930.95,0,5.19,7.0,2013,6,1,271,17,31,57,0
38.0,11667.01,0,3.8,8.0,2015,10,21,726,23,30,18,0
31.0,5387.75,0,6.83,9.0,2008,2,7,226,9,54,3,0
33.0,10709.39,1,5.22,6.0,2006,2,2,11007,12,29,48,0
41.0,11623.42,1,4.18,9.0,2009,12,29,499,17,39,3,0
53.0,9683.85,0,5.89,8.0,2006,9,7,731,18,40,40,0
44.0,8819.13,1,4.38,10.0,2010,5,21,2927,4,43,55,0
44.0,7736.13,1,4.48,8.0,2013,6,6,2297,9,25,2,0
50.0,9248.87,0,4.56,9.0,2014,1,30,896,10,39,34,0
40.0,11916.26,0,4.51,7.0,2015,1,10,3046,0,21,48,0
50.0,9641.61,0,3.09,5.0,2010,6,9,43996,21,23,11,0
40.0,11362.95,0,4.37,11.0,2010,10,8,2519,22,11,5,0
40.0,10762.29,0,5.02,7.0,2015,2,8,5418,22,43,0,0
30.0,8874.83,0,5.56,9.0,2006,10,11,844,7,9,44,0
35.0,8297.87,0,5.42,8.0,2009,11,30,7000,6,1,6,0
33.0,5738.82,0,7.66,7.0,2014,8,2,423,9,5,53,0
41.0,11655.82,1,7.92,9.0,2007,8,30,5026,11,59,32,0
47.0,7362.18,0,6.57,7.0,2012,9,20,2871,8,19,58,0
43.0,10938.11,0,3.21,8.0,2006,1,26,2493,3,15,34,0
36.0,8514.8,1,4.01,11.0,2010,8,14,8191,10,50,22,0
34.0,8772.26,0,5.78,9.0,2014,2,14,930,14,40,14,0
46.0,7684.02,1,6.24,8.0,2011,4,26,48403,19,4,22,0
52.0,6805.48,1,6.05,9.0,2010,6,4,35333,12,28,32,0
30.0,6744.87,0,5.14,9.0,2014,4,10,30316,3,33,41,0
31.0,10058.87,1,6.54,7.0,2011,2,7,85837,17,54,22,0
40.0,9133.36,0,4.21,7.0,2015,1,19,9885,23,48,25,0
46.0,11580.56,1,3.43,9.0,2014,5,9,30890,4,48,30,0
41.0,10631.84,1,3.47,9.0,2008,4,12,461,10,56,35,0
32.0,10716.75,0,5.12,8.0,2006,9,27,550,19,54,44,0
41.0,10919.81,0,4.63,8.0,2013,4,7,27767,23,27,11,0
48.0,10241.32,1,7.25,7.0,2014,10,29,510,10,48,54,0
46.0,9171.56,1,5.02,8.0,2011,11,7,8486,15,5,12,0
40.0,7675.52,1,4.31,11.0,2012,5,27,63714,0,16,23,0
36.0,13308.01,0,5.07,8.0,2009,1,20,847,0,52,46,0
37.0,7961.21,0,2.91,9.0,2014,6,12,865,12,47,15,0
32.0,12403.6,0,4.99,7.0,2008,5,30,48681,3,35,34,0
46.0,10814.59,0,4.91,8.0,2010,5,9,773,12,25,7,0
31.0,8829.83,1,4.52,8.0,2006,2,2,6113,21,26,7,0
52.0,7170.66,1,4.53,7.0,2014,5,11,667,16,14,2,0
47.0,10332.16,1,4.89,9.0,2016,8,6,2959,0,18,54,0
41.0,14722.35,0,6.98,6.0,2011,5,28,8202,8,9,9,0
39.0,13532.85,1,5.63,9.0,2010,11,13,784,11,16,1,0
41.0,7683.97,1,6.17,7.0,2007,8,23,1005,19,38,19,0
47.0,6398.91,1,5.0,8.0,2013,2,16,931,16,40,14,0
37.0,14595.51,1,3.83,12.0,2007,1,2,7589,22,9,8,0
48.0,6783.99,1,3.89,8.0,2012,3,29,88,2,43,19,0
45.0,9317.12,1,6.93,6.0,2013,12,16,75047,7,56,6,0
40.0,10370.72,1,4.35,5.0,2016,3,28,478,2,6,48,0
42.0,12277.9,1,5.1,8.0,2009,1,20,10575,7,54,43,0
55.0,10056.55,0,4.98,8.0,2006,9,1,71,6,11,47,0
35.0,12398.62,1,5.6,9.0,2016,11,17,385,9,21,44,0
40.0,10290.14,0,4.6,10.0,2013,10,23,53895,1,16,36,0
49.0,9957.26,0,4.76,7.0,2009,9,1,96,11,37,22,0
35.0,13480.91,1,4.41,7.0,2008,6,19,6926,23,34,20,0
39.0,11670.73,0,6.45,8.0,2006,6,24,793,0,46,18,0
31.0,7073.61,0,5.73,9.0,2010,12,10,9831,11,20,20,0
45.0,9852.25,1,4.55,8.0,2009,8,14,41390,22,27,57,0
40.0,6402.3,0,4.28,7.0,2015,5,5,885,10,0,10,0
48.0,9282.99,0,4.32,6.0,2015,9,19,191,12,58,19,0
37.0,8884.39,0,6.16,7.0,2016,2,27,9249,17,13,8,0
46.0,13296.89,1,4.81,6.0,2011,9,14,63845,19,9,29,0
54.0,8092.55,1,4.55,10.0,2013,4,30,1175,5,34,23,0
39.0,9528.99,0,5.97,8.0,2010,1,2,4909,19,57,9,0
53.0,8122.34,0,3.51,9.0,2009,7,30,7248,7,28,6,0
41.0,14738.09,1,6.5,8.0,2008,6,8,57837,1,8,27,0
34.0,11687.29,0,4.54,7.0,2013,12,9,688,1,38,4,0
43.0,7948.18,0,3.88,7.0,2006,3,29,871,0,55,50,0
40.0,10180.59,1,6.5,10.0,2012,8,10,58605,9,19,49,0
44.0,8748.36,1,6.32,10.0,2015,10,6,4331,18,31,32,0
44.0,10445.76,0,7.02,8.0,2014,10,11,8204,14,8,10,0
34.0,9919.38,0,4.43,8.0,2015,8,6,2776,2,1,43,0
39.0,10741.9,0,5.48,8.0,2013,3,9,676,0,30,34,0
45.0,9649.26,1,3.77,9.0,2016,5,9,1651,0,40,38,0
46.0,12849.1,0,4.97,8.0,2014,8,3,54656,18,34,21,0
38.0,10770.82,0,4.99,10.0,2016,6,19,80338,1,23,45,0
35.0,8828.59,0,6.77,9.0,2008,7,23,653,6,9,7,0
48.0,9921.89,0,3.73,9.0,2013,9,15,6312,19,40,50,0
45.0,6977.56,0,6.94,11.0,2007,2,24,13664,23,32,47,0
44.0,8580.85,0,5.52,10.0,2011,7,25,605,18,58,34,0
46.0,10469.5,0,6.54,10.0,2011,3,24,753,17,1,0,0
55.0,8907.17,1,7.6,11.0,2016,1,7,8392,23,17,56,0
46.0,10050.61,0,4.99,7.0,2009,11,6,68569,13,24,18,0
38.0,10522.6,1,5.46,10.0,2007,12,27,498,12,11,14,0
34.0,9265.59,0,5.77,8.0,2013,6,24,597,6,57,13,0
40.0,10930.16,1,6.63,7.0,2014,5,28,540,16,8,41,0
45.0,10668.91,0,7.21,8.0,2011,9,21,253,5,53,13,0
47.0,11335.97,0,6.84,6.0,2014,6,26,7770,2,50,21,0
38.0,9826.29,0,4.93,8.0,2010,1,9,502,8,46,37,0
37.0,10565.59,0,4.76,10.0,2006,1,28,59027,1,22,53,0
44.0,9855.18,0,6.94,7.0,2011,6,10,551,20,4,28,0
51.0,7810.06,0,5.99,9.0,2012,8,9,728,19,53,53,0
39.0,11144.51,0,4.25,9.0,2008,3,7,57559,11,4,14,0
50.0,8929.88,0,5.63,7.0,2012,4,22,69666,17,32,15,0
35.0,9435.2,1,6.23,7.0,2006,3,29,715,18,27,6,0
40.0,11553.65,1,4.43,6.0,2011,8,29,3004,6,35,54,0
60.0,9621.04,1,7.65,8.0,2013,3,6,98190,7,43,23,0
43.0,11401.42,0,3.63,10.0,2014,8,23,7234,17,3,38,0
43.0,10491.4,1,4.23,8.0,2014,9,14,7029,6,55,15,0
44.0,10585.86,0,5.54,8.0,2006,3,23,946,14,1,51,0
52.0,10697.72,0,8.35,8.0,2013,5,14,8605,23,24,10,0
37.0,11430.75,0,5.99,10.0,2015,1,2,7260,20,11,15,0
35.0,7759.15,1,6.06,10.0,2013,7,18,826,22,25,7,0
42.0,13081.64,0,4.66,9.0,2012,5,12,896,13,3,25,0
33.0,4711.89,0,4.97,7.0,2009,9,24,158,1,6,30,0
36.0,12252.57,0,5.13,8.0,2014,2,11,186,19,43,34,0
39.0,13029.61,1,4.83,8.0,2015,11,9,4019,2,41,26,0
43.0,10746.69,0,8.62,9.0,2011,8,30,7082,12,50,46,0
45.0,8665.79,0,5.09,9.0,2008,8,31,1615,5,40,54,0
34.0,5447.16,1,4.13,9.0,2014,1,13,489,16,11,54,0
37.0,9772.95,1,3.81,8.0,2013,6,19,7960,11,25,41,0
41.0,7464.08,0,3.74,8.0,2008,3,10,87999,0,42,38,0
34.0,12567.53,0,3.36,11.0,2009,4,2,512,10,0,51,0
36.0,11274.98,0,4.12,10.0,2015,3,24,25793,15,9,50,0
42.0,9635.87,1,2.43,9.0,2013,12,10,91,16,6,29,0
48.0,13743.12,1,4.83,7.0,2016,5,24,35166,4,2,24,0
45.0,8871.53,0,3.76,8.0,2007,3,6,205,12,55,46,0
34.0,6131.92,0,4.17,9.0,2013,2,13,12801,3,34,18,0
40.0,12043.27,1,5.04,7.0,2013,2,14,486,3,5,33,0
40.0,12919.92,0,4.23,11.0,2009,10,29,7488,16,25,56,0
38.0,10367.14,0,5.92,9.0,2014,2,11,478,20,45,38,0
44.0,9063.16,1,4.76,8.0,2012,12,17,862,4,57,51,0
40.0,10606.97,1,4.11,10.0,2013,3,19,26996,10,44,41,0
42.0,8558.52,0,5.36,7.0,2009,6,4,10282,17,54,25,0
43.0,11375.25,1,5.09,9.0,2013,4,29,6510,23,11,25,0
48.0,8514.24,0,4.61,9.0,2007,9,21,68861,20,21,59,0
39.0,12019.93,0,4.87,10.0,2010,9,26,733,3,46,36,0
38.0,9419.66,1,5.24,9.0,2006,3,26,863,0,38,2,0
33.0,10309.71,1,2.96,7.0,2014,1,28,893,7,38,46,0
47.0,10313.06,0,5.44,8.0,2010,11,8,496,2,42,38,0
34.0,13460.92,1,3.67,7.0,2007,5,25,53283,8,54,55,0
54.0,10216.59,0,2.77,7.0,2008,1,17,8764,16,1,24,0
37.0,12766.24,0,3.72,9.0,2010,6,14,12928,20,59,29,0
38.0,11360.99,0,4.5,7.0,2008,8,6,33021,5,26,39,0
47.0,9166.22,0,3.51,9.0,2015,3,19,215,5,4,2,0
41.0,8996.04,1,6.19,9.0,2011,4,20,866,6,33,42,0
55.0,9743.57,0,5.89,8.0,2009,7,11,631,5,41,15,0
43.0,7686.13,1,7.17,8.0,2016,9,27,7448,7,0,35,0
29.0,13255.05,1,4.89,8.0,2016,2,21,9334,14,20,41,0
48.0,8403.02,0,3.61,11.0,2016,3,13,80,7,22,59,0
43.0,7277.27,1,5.98,8.0,2014,9,20,510,3,34,14,0
46.0,9844.79,0,3.57,11.0,2010,1,3,6574,10,44,43,0
42.0,7529.23,1,5.86,7.0,2006,2,15,913,12,9,15,0
46.0,4111.4,0,3.93,8.0,2010,2,18,7772,18,40,0,0
45.0,8389.84,1,6.81,5.0,2009,8,19,4964,8,6,4,0
40.0,7864.63,0,4.56,9.0,2008,9,11,2736,19,53,58,0
39.0,8677.62,0,5.2,7.0,2007,2,26,210,18,24,44,0
33.0,11370.28,1,4.4,6.0,2010,3,8,580,19,38,23,0
44.0,13915.9,0,4.61,9.0,2008,4,4,636,4,4,53,0
35.0,10999.05,0,4.76,10.0,2009,2,8,831,13,41,53,0
39.0,7636.98,0,5.56,9.0,2013,2,20,741,7,41,36,0
38.0,9461.83,0,4.9,10.0,2012,8,2,176,14,55,41,0
38.0,100.0,0,5.27,5.0,2006,10,3,1511,9,1,48,0
53.0,9655.25,0,4.44,10.0,2006,10,19,30920,1,12,4,0
45.0,15188.65,0,6.17,8.0,2010,7,7,285,22,11,21,0
49.0,14124.0,1,3.02,10.0,2014,12,17,567,2,27,36,0
44.0,14155.97,1,6.99,8.0,2006,5,31,162,9,24,41,0
43.0,11334.3,0,3.47,9.0,2014,1,21,600,22,14,47,0
34.0,7818.13,0,6.11,8.0,2006,3,2,3334,1,45,25,0
47.0,11520.18,1,5.07,9.0,2014,12,4,73285,9,9,43,0
47.0,7996.78,1,5.45,8.0,2009,7,23,32,6,5,22,0
27.0,8628.8,1,5.3,7.0,2016,4,11,2786,8,58,24,0
39.0,10292.19,0,4.99,8.0,2015,11,12,2091,3,6,28,0
32.0,11540.86,0,3.0,7.0,2008,12,30,3028,8,28,26,0
40.0,7490.92,0,4.75,5.0,2013,8,5,341,20,26,59,0
39.0,4316.73,1,4.79,9.0,2006,6,16,686,14,31,30,0
41.0,11738.88,0,7.27,9.0,2009,6,26,390,18,6,47,0
38.0,15509.97,0,4.65,8.0,2006,7,6,590,2,38,21,0
52.0,12010.74,0,5.09,8.0,2010,2,26,824,16,33,36,0
43.0,5907.07,0,5.89,8.0,2011,2,12,9462,1,22,55,0
39.0,10510.95,0,2.87,9.0,2009,6,28,321,11,42,32,0
43.0,8914.46,0,6.49,7.0,2008,4,21,7255,23,26,57,0
38.0,5353.97,0,6.25,9.0,2012,1,17,85040,0,39,22,0
36.0,12495.15,0,4.86,9.0,2016,6,8,5304,11,44,18,0
45.0,13118.56,0,4.89,7.0,2010,5,16,2518,9,0,45,0
39.0,5846.65,1,6.65,9.0,2007,3,27,504,15,23,44,0
37.0,7239.49,1,5.01,9.0,2013,4,18,513,6,3,0,0
36.0,14003.88,1,3.54,6.0,2007,3,25,66,22,58,58,0
43.0,9891.3,0,5.75,11.0,2015,3,29,22500,18,43,13,0
39.0,9655.42,1,5.5,8.0,2011,9,1,2910,16,47,27,0
31.0,10182.6,1,3.77,8.0,2012,10,19,414,2,30,29,0
41.0,11316.69,0,6.23,10.0,2007,4,14,281,21,21,11,0
43.0,6065.64,1,4.86,7.0,2011,1,26,69465,13,35,32,0
41.0,8907.76,0,6.99,7.0,2016,9,9,81421,3,56,57,0
45.0,9773.22,1,3.79,10.0,2009,6,4,205,9,14,47,0
50.0,8193.77,0,5.13,8.0,2011,9,30,2819,21,43,15,0
30.0,10183.98,1,5.14,9.0,2009,2,13,1005,23,12,29,0
44.0,9815.03,1,4.9,9.0,2016,5,29,40488,6,0,9,0
43.0,6098.15,0,3.74,8.0,2014,2,19,55334,4,42,17,0
45.0,13100.75,1,7.79,10.0,2010,5,8,4983,1,45,27,0
40.0,10638.66,0,4.35,10.0,2008,7,26,9411,11,52,14,0
50.0,10358.08,0,5.41,8.0,2014,7,31,7364,11,31,11,0
46.0,7638.13,1,4.91,9.0,2007,3,15,8169,5,45,30,0
42.0,10807.46,1,6.74,7.0,2007,10,10,66383,17,28,55,0
37.0,11945.5,1,5.37,8.0,2008,3,7,25364,6,37,54,0
48.0,13597.5,0,6.45,8.0,2013,5,2,5248,22,34,9,0
47.0,7364.12,1,3.65,9.0,2012,1,5,77842,20,6,26,0
42.0,8934.99,1,6.21,8.0,2010,10,26,46278,19,1,20,0
34.0,13672.54,0,6.05,6.0,2016,3,5,412,13,19,4,0
44.0,9446.84,0,4.59,10.0,2008,11,26,95806,23,15,26,0
36.0,11082.13,0,4.84,9.0,2012,4,5,6857,16,54,43,0
38.0,10005.91,1,5.44,9.0,2009,3,31,21549,19,37,44,0
38.0,11227.39,1,5.71,9.0,2011,4,5,586,7,23,43,0
46.0,7876.84,1,6.41,10.0,2015,2,8,56573,10,45,13,0
39.0,10413.93,0,3.75,11.0,2009,9,17,9373,13,18,33,0
36.0,11079.61,1,4.12,9.0,2011,9,16,236,1,39,35,0
36.0,12192.94,1,6.46,9.0,2015,3,2,719,20,54,14,0
43.0,8007.18,1,5.45,8.0,2009,4,13,40205,22,54,21,0
43.0,6471.68,0,4.93,9.0,2008,6,19,72663,1,29,54,0
33.0,14160.05,1,4.61,7.0,2015,11,19,303,9,40,39,0
39.0,11490.75,0,4.93,8.0,2014,12,23,783,2,56,42,0
40.0,11338.94,0,6.23,7.0,2007,8,17,8489,9,17,57,0
28.0,11245.38,0,6.72,8.0,2016,12,9,42425,9,29,39,0
40.0,13987.59,1,5.58,7.0,2016,2,29,3077,7,42,15,0
48.0,12810.16,0,2.21,10.0,2015,3,27,779,4,57,10,0
45.0,10976.03,0,4.5,10.0,2014,7,13,881,21,28,58,0
48.0,7737.57,1,4.19,9.0,2009,5,29,16913,14,47,18,0
45.0,7748.34,0,4.2,8.0,2008,10,29,467,16,46,6,0
55.0,8270.52,1,5.15,8.0,2014,2,27,7834,17,24,46,0
32.0,11715.72,0,4.73,9.0,2010,1,11,8092,4,57,14,0
48.0,9219.4,1,5.91,6.0,2011,8,4,5272,2,52,44,0
45.0,5347.74,1,5.62,10.0,2014,7,27,366,23,34,41,0
42.0,9261.41,0,3.92,9.0,2009,6,27,7816,5,38,40,0
41.0,11789.33,0,4.61,9.0,2006,7,4,6339,11,18,36,0
44.0,14023.22,1,3.49,10.0,2015,7,16,80309,5,42,31,0
36.0,9993.5,0,6.6,6.0,2014,2,25,6626,2,59,2,0
41.0,6535.91,0,4.83,11.0,2014,2,17,9780,8,26,10,0
44.0,12835.19,1,5.44,7.0,2015,5,6,3227,22,58,50,0
42.0,11654.34,0,5.06,10.0,2007,4,8,5651,11,12,32,0
45.0,12200.96,1,4.7,6.0,2007,4,7,2464,7,12,42,0
34.0,12813.91,0,2.41,7.0,2006,1,17,118,22,25,40,0
36.0,10345.19,1,4.84,10.0,2016,4,22,7433,21,7,11,0
49.0,8232.11,0,6.84,8.0,2006,4,18,1484,10,56,21,0
52.0,14838.84,0,5.12,8.0,2010,3,20,30813,11,41,52,0
43.0,9541.45,0,6.05,8.0,2008,9,27,97254,5,35,16,0
46.0,7424.11,0,4.83,9.0,2006,10,26,2804,0,50,30,0
37.0,7062.59,1,4.56,9.0,2007,12,11,4475,4,16,54,0
51.0,10776.82,0,5.1,5.0,2007,1,5,667,20,48,18,0
50.0,13247.31,0,3.48,6.0,2010,6,25,6699,21,1,36,0
40.0,8610.43,1,5.08,7.0,2014,6,28,9446,1,42,32,0
48.0,8863.36,0,6.35,7.0,2008,3,24,63692,13,32,50,0
39.0,13574.53,1,5.69,10.0,2014,4,23,1008,10,59,55,0
41.0,14216.37,1,1.81,8.0,2013,9,11,34494,11,5,40,0
48.0,11555.21,1,4.45,8.0,2007,9,18,614,14,11,53,0
55.0,5720.98,1,6.63,8.0,2013,1,30,147,1,58,46,0
38.0,8370.15,0,8.6,5.0,2009,1,24,29252,14,58,51,0
43.0,9060.28,1,4.95,6.0,2010,10,15,906,11,16,1,0
44.0,7193.84,0,6.22,7.0,2016,11,7,34011,8,0,39,0
49.0,12893.19,0,5.13,7.0,2009,4,9,5737,0,38,23,0
45.0,13896.99,0,4.26,8.0,2009,11,11,2974,23,33,43,0
43.0,12378.57,1,4.04,8.0,2007,8,7,68378,6,0,0,0
42.0,11768.71,1,6.24,7.0,2007,5,31,652,9,21,30,0
32.0,8011.38,0,5.35,10.0,2013,12,21,9161,4,31,52,0
43.0,16955.76,0,7.04,8.0,2007,11,14,33165,7,55,14,0
43.0,10530.33,1,4.14,7.0,2014,2,16,74415,4,4,23,0
42.0,11783.81,1,5.27,7.0,2010,9,27,451,5,53,21,0
48.0,8824.84,1,5.93,7.0,2014,1,15,43,2,11,40,0
49.0,8131.64,1,7.1,7.0,2011,4,27,39704,0,14,40,0
31.0,12264.68,1,5.88,8.0,2014,1,14,524,14,18,4,0
35.0,3825.7,0,4.28,8.0,2006,5,15,984,18,2,51,0
44.0,11597.38,0,3.45,7.0,2006,7,3,895,22,29,58,0
55.0,5977.46,1,5.02,7.0,2010,4,3,79373,5,46,8,0
41.0,9608.45,0,5.81,7.0,2008,10,26,97,14,34,31,0
37.0,10348.37,1,7.65,6.0,2006,4,20,1753,0,24,51,0
41.0,13135.26,1,5.27,9.0,2014,5,1,941,13,7,9,0
34.0,12760.01,0,3.87,8.0,2007,2,2,574,12,44,23,0
39.0,9848.4,1,6.73,10.0,2011,3,28,2165,1,58,13,0
37.0,11517.19,1,8.34,11.0,2009,8,16,3738,5,26,52,0
37.0,8316.89,0,3.6,8.0,2014,9,17,86043,10,5,20,0
40.0,7762.73,1,4.66,10.0,2008,7,26,613,3,12,54,0
49.0,13510.96,1,6.39,9.0,2006,9,24,4708,2,31,26,0
42.0,10442.37,0,5.58,5.0,2006,5,4,6414,12,31,49,0
35.0,10550.87,1,5.72,9.0,2010,4,21,2900,15,26,30,0
31.0,5304.6,0,5.29,9.0,2008,4,13,495,2,54,26,0
44.0,10157.21,0,6.14,7.0,2006,5,10,78444,17,23,8,0
42.0,12975.35,1,4.47,7.0,2006,9,19,533,17,17,11,0
38.0,6574.25,0,6.18,9.0,2008,12,15,3542,20,1,27,0
33.0,12638.51,1,5.01,8.0,2006,8,11,9180,6,36,15,0
48.0,10746.37,1,4.22,8.0,2006,2,18,92600,1,22,53,0
46.0,12873.63,1,5.73,7.0,2006,10,19,8008,6,20,10,0
49.0,12681.35,0,3.68,5.0,2014,5,24,589,5,29,40,0
46.0,7730.53,1,5.3,8.0,2008,10,30,226,12,58,22,0
46.0,8603.6,0,6.44,9.0,2012,3,19,645,22,7,11,0
42.0,8218.63,0,5.9,9.0,2007,12,27,275,6,36,33,0
34.0,9401.99,1,8.25,9.0,2012,6,30,10592,0,44,45,0
39.0,6127.84,0,4.22,9.0,2011,8,1,417,1,56,9,0
44.0,11794.91,0,6.32,6.0,2013,2,20,446,19,36,40,0
41.0,8143.38,1,2.64,5.0,2008,11,11,4046,18,59,37,0
40.0,11873.76,1,6.5,8.0,2011,8,22,92927,14,22,42,0
22.0,11254.38,1,4.96,8.0,2012,6,23,3092,8,40,29,0
46.0,8951.42,0,4.13,8.0,2009,3,6,62940,1,34,19,0
43.0,8662.18,1,7.31,8.0,2010,4,17,3589,8,59,35,0
36.0,8918.52,0,3.62,8.0,2016,9,18,2109,16,37,16,0
34.0,13976.64,0,5.16,8.0,2010,12,24,10155,13,44,30,0
44.0,6498.85,0,6.34,9.0,2008,3,19,59,7,19,33,0
39.0,9303.36,0,4.19,10.0,2013,1,20,91214,8,27,5,0
40.0,8083.76,0,4.76,7.0,2009,2,24,5487,20,56,56,0
42.0,16371.42,1,3.84,10.0,2014,12,18,2384,16,51,16,0
32.0,5756.12,0,5.9,8.0,2012,5,1,35985,12,42,4,0
41.0,9574.64,1,3.72,7.0,2016,7,4,1293,20,8,46,0
42.0,6623.97,0,5.4,8.0,2015,11,6,324,23,41,45,0
28.0,8670.98,0,3.99,6.0,2006,11,5,88565,12,19,57,0
40.0,12542.76,1,5.03,8.0,2016,11,21,832,11,16,13,0
46.0,11832.86,1,6.01,8.0,2007,12,20,85111,4,37,53,0
33.0,12249.96,0,2.96,8.0,2014,8,9,1294,3,31,31,0
49.0,11695.04,1,5.64,9.0,2007,10,12,126,1,48,51,0
41.0,9000.05,0,5.59,6.0,2013,10,2,50771,8,18,44,0
44.0,12227.39,0,6.46,7.0,2009,10,12,6571,23,22,40,0
38.0,10788.67,0,4.98,7.0,2006,5,8,29954,3,13,35,0
37.0,10076.71,0,6.5,7.0,2013,1,17,996,12,39,52,0
28.0,11204.23,0,3.67,11.0,2012,10,25,1565,20,54,44,0
39.0,14425.74,0,5.91,6.0,2009,5,3,939,10,23,56,0
46.0,9988.68,1,5.44,8.0,2015,1,27,99930,17,1,19,0
43.0,8261.89,0,7.36,9.0,2008,3,25,1975,15,58,18,0
34.0,9779.12,0,5.89,9.0,2009,10,2,2835,13,48,4,0
51.0,10328.42,1,5.12,7.0,2015,5,14,123,11,28,50,0
38.0,12913.55,1,4.73,7.0,2007,11,16,9071,1,2,38,0
37.0,7189.31,0,6.87,10.0,2016,1,2,421,20,36,49,0
39.0,18026.01,1,3.82,9.0,2016,2,28,482,7,42,24,0
26.0,8939.61,0,4.54,7.0,2007,9,22,255,9,46,47,0
50.0,11294.45,1,2.17,10.0,2013,7,8,292,17,40,46,0
42.0,8271.02,0,4.24,9.0,2013,10,9,561,13,57,29,0
44.0,5002.58,0,4.57,11.0,2009,9,24,341,19,34,31,0
45.0,11187.93,1,4.95,9.0,2015,9,27,7800,20,20,8,0
51.0,9764.39,1,6.03,8.0,2014,6,30,763,6,15,1,0
37.0,9499.3,1,6.81,8.0,2015,3,9,357,18,14,17,0
41.0,8502.52,0,6.0,10.0,2007,10,18,58383,21,47,50,0
45.0,9576.07,1,7.01,8.0,2007,6,7,9490,6,17,8,0
48.0,9722.23,1,5.98,6.0,2013,12,21,393,22,15,12,0
49.0,11227.48,0,5.1,9.0,2011,8,16,1384,8,46,53,0
47.0,10718.97,0,5.74,7.0,2014,5,24,64471,14,54,13,0
40.0,11799.72,0,3.0,8.0,2016,10,2,773,23,17,33,0
38.0,13074.81,1,4.67,7.0,2011,5,7,79384,4,27,0,0
39.0,13731.45,1,8.15,10.0,2011,9,27,1150,6,52,13,0
33.0,8556.73,0,4.21,9.0,2007,2,23,145,10,47,6,0
37.0,12410.67,0,6.12,6.0,2014,12,30,942,4,56,53,0
36.0,5695.21,0,4.1,7.0,2006,5,6,880,1,17,8,0
43.0,6411.25,0,2.82,7.0,2014,8,8,3070,14,46,25,0
42.0,9091.99,0,5.85,6.0,2014,3,27,2091,5,11,22,0
39.0,11680.91,1,6.35,7.0,2008,7,4,63410,2,41,59,0
51.0,7985.76,1,3.48,8.0,2006,7,28,481,15,47,41,0
35.0,11814.59,0,5.89,6.0,2013,6,28,1740,13,22,40,0
52.0,7077.34,1,5.6,8.0,2015,11,8,61381,6,57,18,0
40.0,11575.55,1,5.22,5.0,2015,3,10,3536,20,16,40,0
37.0,13268.55,0,3.92,11.0,2016,3,8,295,21,48,29,0
43.0,9735.41,0,6.12,8.0,2010,10,27,802,18,11,23,0
45.0,9598.03,0,5.0,7.0,2010,7,17,35821,3,30,38,0
43.0,5805.53,0,5.44,5.0,2014,11,27,6985,17,12,25,0
42.0,6406.38,0,3.0,9.0,2007,3,9,12223,23,50,39,0
48.0,5622.5,0,6.05,7.0,2012,7,11,7186,4,58,33,0
47.0,6670.37,0,2.55,9.0,2010,3,29,62894,20,16,38,0
46.0,13547.39,0,2.67,8.0,2012,4,20,67,23,59,35,0
47.0,9182.81,1,6.45,11.0,2012,4,14,19845,2,53,19,0
42.0,9741.19,1,3.85,9.0,2009,12,14,80,5,47,16,0
39.0,8880.17,0,4.0,8.0,2011,3,5,869,6,46,38,0
45.0,13122.89,0,5.84,6.0,2016,4,3,6239,12,55,26,0
41.0,12659.88,0,4.55,4.0,2010,1,22,339,19,8,48,0
37.0,8286.87,1,6.25,8.0,2007,12,13,276,12,23,32,0
37.0,9229.96,0,3.65,8.0,2015,12,30,393,19,11,1,0
45.0,4863.73,1,5.17,8.0,2011,7,19,154,18,41,42,0
42.0,12800.82,1,3.62,8.0,2007,12,1,9316,13,29,34,0
52.0,9893.92,0,6.91,7.0,2008,12,28,8419,15,23,58,0
51.0,6517.93,1,5.47,10.0,2012,5,30,49800,0,15,43,0
39.0,9315.6,1,5.02,10.0,2010,9,25,27252,12,16,8,0
